Entity,Code,Year,GDP
Brazil,BRA,2015,6.24105978012085
Argentina,ARG,2015,5.77611017227173
United Kingdom,GBR,2015,5.55615997314453
Chile,CHL,2015,4.87530994415283
Mexico,MEX,2015,5.23523998260498
